,beat_std,downbeat_std,salience,salience_2
0,0.06494447466645616,0.2069832678520948,0.008171197026968002,0.016507813706994057
